[
  {
    "id": "1",
    "name": "日本制造 隅田川意式手冲特浓挂耳咖啡",
    "text_l": "匠心之作 微苦醇香",
    "text_f": "查看评价",
    "tag": "特价",
    "tag_time": "距优惠结束3天09时09分",
    "priceNew": "¥29.9",
    "priceOld": "¥39.9",
    "fz": "天天免邮Pro会员立享免邮，到手价28.41",
    "cx": "打骨折",
    "gwf": "最高返2积分",
    "xz": "特价商品不可与优惠券叠加使用",
    "yf": "满99元免邮",
    "ps": "湖南长沙",
    "fw": [
      "网易严选自营 >",
      "不支持无忧退换",
      "不可用卷",
      "部分地区不可配送"
    ],
    "gg": [
      {
        "title": "升级版象牙白机身+一个刷头",
        "url": "./images/gg1.png"
      },
      {
        "title": "升级版象牙白机身+一个刷头",
        "url": "./images/gg2.png"
      }
    ],
    "count": "1",
    "imgs": [
      "/images/1.png",
      "/images/2.png"
    ],
    "zoomImgs": {
      "bigImgs": [
        "./images/b1.png",
        "./images/b2.png",
        "./images/b3.png",
        "./images/b4.png",
        "./images/b5.png"
      ],
      "middleImgs": [
        "./images/m1.png",
        "./images/m2.png",
        "./images/m3.png",
        "./images/m4.png",
        "./images/m5.png"
      ],
      "smallImgs": [
        "./images/s1.png",
        "./images/s2.png",
        "./images/s3.png",
        "./images/s4.png",
        "./images/s5.png"
      ]
    }
  },
  {
    "id": "2",
    "name": "西餐厅主厨级经典番茄肉酱意面270克/盒",
    "text_l": "有颜有料，美味速成",
    "text_f": "查看评价",
    "tag": "特价",
    "tag_time": "距优惠结束1天02时03分",
    "priceNew": "¥29.9",
    "priceOld": "¥26",
    "fz": "天天免邮Pro会员立享免邮，到手价22.41",
    "cx": "腿打断",
    "gwf": "最高返20积分",
    "xz": "特价商品不可与优惠券叠加使用",
    "yf": "满99元免邮",
    "ps": "湖南长沙",
    "fw": [
      "网易严选自营 >",
      "不支持无忧退换",
      "不可用卷",
      "部分地区不可配送"
    ],
    "gg": [
      {
        "title": "升级版象牙白机身+一个刷头",
        "url": "./images/gg1.png"
      },
      {
        "title": "升级版象牙白机身+一个刷头",
        "url": "./images/gg2.png"
      }
    ],
    "count": "1",
    "imgs": [
      "/images/c1.png",
      "/images/c2.png"
    ],
    "zoomImgs": {
      "bigImgs": [
        "./images/bb1.png",
        "./images/bb2.png",
        "./images/bb3.png",
        "./images/bb4.png",
        "./images/bb5.png"
      ],
      "middleImgs": [
        "./images/mm1.png",
        "./images/mm2.png",
        "./images/mm3.png",
        "./images/mm4.png",
        "./images/mm5.png"
      ],
      "smallImgs": [
        "./images/ss1.png",
        "./images/ss2.png",
        "./images/ss3.png",
        "./images/ss4.png",
        "./images/ss5.png"
      ]
    }
  },
  {
    "id": "3",
    "name": "素颜神器，一次性3D立体防护口罩",
    "text_l": "心机瘦脸，素颜神器，3D立体剪裁，不沾口红",
    "text_f": "查看评价",
    "tag": "特价",
    "tag_time": "距优惠结束2天08时09分",
    "priceNew": "¥35.9",
    "priceOld": "¥39.9",
    "fz": "天天免邮Pro会员立享免邮，到手价28.41",
    "cx": "打死",
    "gwf": "最高返2积分",
    "xz": "特价商品不可与优惠券叠加使用",
    "yf": "满99元免邮",
    "ps": "湖南长沙",
    "fw": [
      "网易严选自营 >",
      "不支持无忧退换",
      "不可用卷",
      "部分地区不可配送"
    ],
    "gg": [
      {
        "title": "升级版象牙白机身+一个刷头",
        "url": "./images/gg1.png"
      },
      {
        "title": "升级版象牙白机身+一个刷头",
        "url": "./images/gg2.png"
      }
    ],
    "count": "1",
    "imgs": [
      "/images/cc1.png",
      "/images/cc2.png"
    ],
    "zoomImgs": {
      "bigImgs": [
        "./images/bbb1.png",
        "./images/bbb2.png",
        "./images/bbb3.png",
        "./images/bbb4.png",
        "./images/bbb5.png"
      ],
      "middleImgs": [
        "./images/mmm1.png",
        "./images/mmm2.png",
        "./images/mm3.png",
        "./images/mmm4.png",
        "./images/mmm5.png"
      ],
      "smallImgs": [
        "./images/sss1.png",
        "./images/sss2.png",
        "./images/sss3.png",
        "./images/sss4.png",
        "./images/sss5.png"
      ]
    }
  },
  {
    "id": "4",
    "name": "鎏光·月华 月饼礼盒 80克*9枚",
    "text_l": "大气宫廷风，月圆之礼动人心",
    "text_f": "查看评价",
    "tag": "特价",
    "tag_time": "距优惠结束0天07时09分",
    "priceNew": "¥208",
    "priceOld": "¥299",
    "fz": "天天免邮Pro会员立享免邮，到手价200.41",
    "cx": "不打折",
    "gwf": "最高返2积分",
    "xz": "特价商品不可与优惠券叠加使用",
    "yf": "满99元免邮",
    "ps": "湖南长沙",
    "fw": [
      "网易严选自营 >",
      "不支持无忧退换",
      "不可用卷",
      "部分地区不可配送"
    ],
    "gg": [
      {
        "title": "升级版象牙白机身+一个刷头",
        "url": "./images/gg1.png"
      },
      {
        "title": "升级版象牙白机身+一个刷头",
        "url": "./images/gg2.png"
      }
    ],
    "count": "1",
    "imgs": [
      "/images/ccc1.png",
      "/images/ccc2.png"
    ],
    "zoomImgs": {
      "bigImgs": [
        "./images/bbbb1.png",
        "./images/bbbb2.png",
        "./images/bbbb3.png",
        "./images/bbbb4.png",
        "./images/bbbb5.png"
      ],
      "middleImgs": [
        "./images/mmmm1.png",
        "./images/mmmm2.png",
        "./images/mmmm3.png",
        "./images/mmmm4.png",
        "./images/mmmm5.png"
      ],
      "smallImgs": [
        "./images/ssss1.png",
        "./images/ssss2.png",
        "./images/ssss3.png",
        "./images/ssss4.png",
        "./images/ssss5.png"
      ]
    }
  }
]